תג,מזהה אובייקט,מזהה commit,קבצים
ci-binaries,7c6859b5d4eb6a3c7006cb6ee0447bdf357b635c,7c6859b5d4eb6a3c7006cb6ee0447bdf357b635c,3730
cli-v0.10.0.0,875e3b295762ad85d30dfe20242993e4dcfa573a,875e3b295762ad85d30dfe20242993e4dcfa573a,5190
cli-v0.11.0.0,c88b5257250f077d2df5923c3db3b8fa68161672,c88b5257250f077d2df5923c3db3b8fa68161672,5193
cli-v0.13.0.0,5ffb6601840cf7396082cdb9957fa7e8e6b484d6,5ffb6601840cf7396082cdb9957fa7e8e6b484d6,5186
cli-v0.14.0.0,687357f8b8047ba6226b6ffa3208c2413f670f8c,687357f8b8047ba6226b6ffa3208c2413f670f8c,5381
cli-v0.15.0.0,52c492d6da9f6b6d8c6b987932b66e4f60eb3d24,52c492d6da9f6b6d8c6b987932b66e4f60eb3d24,5401
cli-v0.16.0.0,97814d89b68994e26450193b4469c40fbb62757c,ad18b582c00c1b8c919919a2a341d7aa73a302a6,5414
cli-v0.17.0.0,f33636ad2d3d167acd69c11be7f69f1a0b543808,6b7c0d8d2f0ad3ce5fb15cff1b2e4b4fd6c3480b,5443
cli-v0.21.0.0,438b9c590555749f5335d9ec8e1da013b5b6a26d,4bdb3214e245321a88cf7e5ad482b0fe974ce3ef,5455
cli-v0.25.0.0,a9e6cb2ee5217ec5bd86a50af4af384ac1ab3497,1c3fbce20937eec617e647d0c70e82d66cc1031a,5471
cli-v0.6.0.0,512702478630f9bc28b270cc2729524366b3fb6a,512702478630f9bc28b270cc2729524366b3fb6a,5064
cli-v0.9.0.0,e6de25bfb5e862672efd1d8e0b34f028b5991b84,e6de25bfb5e862672efd1d8e0b34f028b5991b84,5080
cli-v0.9.6.0,f27f95c2a4fba2d7e87a36f05efc8ba2ccd1e167,f27f95c2a4fba2d7e87a36f05efc8ba2ccd1e167,5102
cli-v0.9.7.0,7cf5b06eaba1c41a65ef9a24574599792ec2749a,7cf5b06eaba1c41a65ef9a24574599792ec2749a,5103
cli-v0.9.8.0,b0688f4c7b7a67f202fea625737338f40b91bb4e,b0688f4c7b7a67f202fea625737338f40b91bb4e,5097
cli-v4.8.0.0,4caa1c5c61ebbb6d9bb3e5e4986f64037c7fca4e,b2a4843bd4570e2fc6622758e4ea060f70813e58,5450
cli-v4.8.1.0,fae9ee3e5fded9f180f6470e012e2e316d949402,4899065ad215e9adc1b1229bb1a51b62bd1c3baf,2645
cli-v4.8.10.22040+1743,528940e1a3593f1ae5bd9bfd964d2f37fb9d45e1,528940e1a3593f1ae5bd9bfd964d2f37fb9d45e1,3106
cli-v4.8.11.22151+0454,4b84aa1bf6608d9a5f6c023d4446006a7a5dbcfd,4b84aa1bf6608d9a5f6c023d4446006a7a5dbcfd,3111
cli-v4.8.12.22247+0031,b7704eacfe1e5ab4840c1759f5ee3830af38a328,b7704eacfe1e5ab4840c1759f5ee3830af38a328,3115
cli-v4.8.13.23182+2215,6aa2c493231f4301125f2570dc5efd644691bbad,6aa2c493231f4301125f2570dc5efd644691bbad,3224
cli-v4.8.14.24016+1909,a946e0d4f5452fa072c566e5ea786518b9b8cb53,a946e0d4f5452fa072c566e5ea786518b9b8cb53,3440
cli-v4.8.15.24089+0912,7b1ebab28758ff14f90191f56987d307cdf47e14,7b1ebab28758ff14f90191f56987d307cdf47e14,3329
cli-v4.8.16.24121+2117,22c171a496f5985f06ff6934ffee2d7139834e66,22c171a496f5985f06ff6934ffee2d7139834e66,3392
cli-v4.8.2.0,35dff2a26e6795acd4b03e8ccf55a99f7a88d611,2413c76f5680a9f13af9013f67b396eb0e487207,2835
cli-v4.8.3,11fb2a35892199a8f5dcfd29c88cfbd7cf4fce27,738cac07e244bc4800a9f27036f2e45f6a4f77df,2945
cli-v4.8.4,aeb0d705d554e6a708eda3006163f96f7bb72a11,92cb346eece706db810468984b3fa8564f14b16c,2966
cli-v4.8.5,0600b0c0f1914e001f56ca1c46a799660fe35672,6f3e00415516b17079b956bcd31e0f6c3d75d265,2999
cli-v4.8.6,161af25ada12289995686262014751ecd4803459,9eb5df2ea7e9622c227970b81702c0600b5d98a4,3082
cli-v4.8.7,f63e8f5cbf2a14d7ab2a9b91e1b3218b9e9ad2ea,7eb0a4e1f6d2509735b2da80168b1c8b0e5b2f20,3084
cli-v4.8.8,a5e08e0100285831aaaf05d1a325ec775a53b65d,b074f295861b617054c2ad1f6071bba50c885181,3058
cli-v4.8.9.21361+0320,915f5ded14bb4fc8ba39f2d74d27efb033b3c004,915f5ded14bb4fc8ba39f2d74d27efb033b3c004,3090
cli-v5.0.0.24296+1622,d357bce5699b3ab644cad45040b392f9d1c84d12,d357bce5699b3ab644cad45040b392f9d1c84d12,3628
cli-v5.0.0.25034+1521,4c78a676204cf294bf04c24caf8daed3dce44ec8,4c78a676204cf294bf04c24caf8daed3dce44ec8,3620
cli-v5.0.1.25051+1239,eefe702a8d3e57097334e9053d2d8c4fb260c1c0,eefe702a8d3e57097334e9053d2d8c4fb260c1c0,3625
cli-v5.1.0.25094+1002,e46560448003a46ee9e6bc4b9da3fbb8bb58b406,e46560448003a46ee9e6bc4b9da3fbb8bb58b406,3599
cli-v5.1.0.25094+1003,8d74e98b3fab6a91aadb401a17c76e77507674a0,8d74e98b3fab6a91aadb401a17c76e77507674a0,3599
cli-v5.1.0.25094+1017,98a19f7fa433705abbbc4158c27858750428c7b7,98a19f7fa433705abbbc4158c27858750428c7b7,3599
cli-v5.2.0.25181+1332,e42b3bb85300fd543279e2e45a8541b355bb77c8,e42b3bb85300fd543279e2e45a8541b355bb77c8,3609
cli-v5.2.0.25181+1357,42d243875b42e0a37b1f4ba6f0c15638b6fd7a1a,42d243875b42e0a37b1f4ba6f0c15638b6fd7a1a,3609
cli-v5.3.0.25308+0745,232767475d82ad7eec46d3d7005db6f10658a242,232767475d82ad7eec46d3d7005db6f10658a242,3545
cli-v5.3.0.25308+1613,4f4ca29845a751113170d82dac4a5835bb31769e,4f4ca29845a751113170d82dac4a5835bb31769e,3545
cli-v5.3.1.25308+1659,1618d1e828d1c07fa8974bc0b2f88893304cbc34,1618d1e828d1c07fa8974bc0b2f88893304cbc34,3545
cli-v6.0.0.26032+2011,62f29ac21a8ab7b78610d14b259642bd9e76f957,62f29ac21a8ab7b78610d14b259642bd9e76f957,3853
cli-v6.0.0.26032+2022,d0b858c569a448bd9876d0aef6ffc2fa3a581827,d0b858c569a448bd9876d0aef6ffc2fa3a581827,3853
cli-v6.0.0.26032+2049,db3ce9d5197aa00b50f0c943a5ecc2a7961d10bd,db3ce9d5197aa00b50f0c943a5ecc2a7961d10bd,3853
cli-v6.0.0.26032+2110,4f8185cff359cf044b4d98541e470cb8d75bb835,4f8185cff359cf044b4d98541e470cb8d75bb835,3853
cli-v6.0.0.26032+2111,a8218187e6aa30fa0e84fecf25a82b9e47845776,a8218187e6aa30fa0e84fecf25a82b9e47845776,3853
cli-v6.0.0.26032+2145,03bd87d017c4c1e6de6a744de09f5354d0008589,03bd87d017c4c1e6de6a744de09f5354d0008589,3853
cli-v6.1.0.26047+2255,9c28ee9596117bcf787b908d7cb2bbc6f53513a6,9c28ee9596117bcf787b908d7cb2bbc6f53513a6,3864
cli-v6.2.0.26090+1601,54c0f77cb6985cfb26a10ac7742dd138521b6a8b,54c0f77cb6985cfb26a10ac7742dd138521b6a8b,3907
cli-v6.2.0.26090+1952,6f21e115a9ce8d092aceffc4a5f183833f34031b,6f21e115a9ce8d092aceffc4a5f183833f34031b,3907
cli-v6.2.0.26090+1953,4d0fdbedbeb7d90ae189cad5ae0df4cd0df0f024,4d0fdbedbeb7d90ae189cad5ae0df4cd0df0f024,3907
cli-v6.2.0.26090+2006,a6c64151db81a9527fd60f33cb065056331e5d41,a6c64151db81a9527fd60f33cb065056331e5d41,3910
cli-v6.2.0.26091+2015,7824529fb7a3a0590c0000fe2670f576b75b16ec,7824529fb7a3a0590c0000fe2670f576b75b16ec,3915
cli-v6.2.1.26091+2148,4950cf2023412fe0eb38f194e4ffc92a9f16ff38,4950cf2023412fe0eb38f194e4ffc92a9f16ff38,3912
cli-v6.3.0.26091+2238,286f48330fdfccb8d88f3160fb1ae068c8a73c15,286f48330fdfccb8d88f3160fb1ae068c8a73c15,3913
cli-v6.3.0.26092+2232,62f291ece56065b5576a3da7e7d2d784d30b5e9f,62f291ece56065b5576a3da7e7d2d784d30b5e9f,3915
cli-v6.3.0.26092+2248,79db5bb8ffba2240a06202a961961cfd2d557f0d,79db5bb8ffba2240a06202a961961cfd2d557f0d,3915
cli-v6.3.0.26095+0830,87fc928a708fd715b5ca9a05a6ac69a5642a732f,87fc928a708fd715b5ca9a05a6ac69a5642a732f,3916
cli-v6.4.0.26100+0515,35e0dadabb8e320bfa4b045625a6c67c82260648,35e0dadabb8e320bfa4b045625a6c67c82260648,3922
v0.5,bc8e6d7850ac41e38771ee43619695772992544e,bc8e6d7850ac41e38771ee43619695772992544e,192
v1.0,a761a8fb0b690a52c2736b7776512c51f4005aff,a761a8fb0b690a52c2736b7776512c51f4005aff,164
v2.0,52370fc330a5ec0ca0efff3a6723635d01610486,52370fc330a5ec0ca0efff3a6723635d01610486,253
v3.0-beta,b7edd0bfefa3ec7894cc14bf3fa23c0c1555b86d,b7edd0bfefa3ec7894cc14bf3fa23c0c1555b86d,309
v4.0-dev,4a9f4436c47dc98bbadc7902f08016e8866025fa,4a9f4436c47dc98bbadc7902f08016e8866025fa,13
v4.0-stable,bac6c7fefb8361535ee4269bb4c17dba7ce20729,bac6c7fefb8361535ee4269bb4c17dba7ce20729,2886
v4.1,0e9b38f4dd8aa96b3a1a4cfe0ed540ae0527b876,0e9b38f4dd8aa96b3a1a4cfe0ed540ae0527b876,2962
v4.2,fff854ca9bae25bca59be8a5e85a8bb3cc2d984d,fff854ca9bae25bca59be8a5e85a8bb3cc2d984d,3075
v4.3,9aa29ce9f8ccf716149cce939b7871624a37dc8a,9aa29ce9f8ccf716149cce939b7871624a37dc8a,3129
v4.4,1b04eff3586c8c571a355368c0e50d9cbcd05425,1b04eff3586c8c571a355368c0e50d9cbcd05425,3227
v4.5,cbe2580a9ff09b672390b5eb817ac6420feb1307,cbe2580a9ff09b672390b5eb817ac6420feb1307,3778
v4.5-beta,fd8d61d5170372c1c0a9931e0f136f0134fbccf0,fd8d61d5170372c1c0a9931e0f136f0134fbccf0,2788
v4.5-rc,407a5e715a8495de879c226ca370d96ce6d36145,407a5e715a8495de879c226ca370d96ce6d36145,3754
v4.6.1,534fb80f9aced388fd708b2625202aad18e342e8,534fb80f9aced388fd708b2625202aad18e342e8,4801
v4.6.10,745591e513128cadbbd093e9057505e2f7be039b,745591e513128cadbbd093e9057505e2f7be039b,4950
v4.6.11,8b4534e5895a1e096ee10b22eada751935c5d0cf,8b4534e5895a1e096ee10b22eada751935c5d0cf,4968
v4.6.12,512702478630f9bc28b270cc2729524366b3fb6a,512702478630f9bc28b270cc2729524366b3fb6a,5064
v4.6.13,e6de25bfb5e862672efd1d8e0b34f028b5991b84,e6de25bfb5e862672efd1d8e0b34f028b5991b84,5080
v4.6.14,0b35faa2075fd2efb51313f5a1861ea06f4e2c19,0b35faa2075fd2efb51313f5a1861ea06f4e2c19,5081
v4.6.15,07283b26086413851c762716794b17c7472e1a86,07283b26086413851c762716794b17c7472e1a86,5083
v4.6.16,ea8a878dfdcfb70bd2897101575e0c147f27a5b4,ea8a878dfdcfb70bd2897101575e0c147f27a5b4,5084
v4.6.17,931282cbc9091bfb6fe26089df0ffdf6c516dd84,931282cbc9091bfb6fe26089df0ffdf6c516dd84,5097
v4.6.18,28d0db6fb94cabe3268d2815a938377cada47bb3,28d0db6fb94cabe3268d2815a938377cada47bb3,5102
v4.6.19,a6f2ce8af050da970784f244ecaa75f48d7e630a,a6f2ce8af050da970784f244ecaa75f48d7e630a,5103
v4.6.2,bf45832049bed70652bf49f210fed5b2efa0569e,bf45832049bed70652bf49f210fed5b2efa0569e,4806
v4.6.20,b0688f4c7b7a67f202fea625737338f40b91bb4e,b0688f4c7b7a67f202fea625737338f40b91bb4e,5097
v4.6.21,ceffa08c29c6c9317c255e64bd2a6820912724aa,ceffa08c29c6c9317c255e64bd2a6820912724aa,5190
v4.6.22,28f9d352746b9f72d71a5091d777373b18fd686f,28f9d352746b9f72d71a5091d777373b18fd686f,5190
v4.6.23,e0c0d066395bded353d066de57d3e82f7306a4f0,e0c0d066395bded353d066de57d3e82f7306a4f0,5193
v4.6.24,76d18d6063ca13715b2f0138b961d257d8c4d173,76d18d6063ca13715b2f0138b961d257d8c4d173,5187
v4.6.3,b1db3a8e89b2d207883b9687cc29ba51a92cc420,b1db3a8e89b2d207883b9687cc29ba51a92cc420,4832
v4.6.4,58cc1ade3976f815881633eb8cb63659dafca6d0,58cc1ade3976f815881633eb8cb63659dafca6d0,4835
v4.6.5,8c88038e22d00215075056f4e3539b1398448ac5,8c88038e22d00215075056f4e3539b1398448ac5,4866
v4.6.6,f07fb2704adf79556154d2e9e5da0431164b3e11,f07fb2704adf79556154d2e9e5da0431164b3e11,4876
v4.6.7,3c8a65c9ea41be226ce8b506fccf8a58c5f67835,3c8a65c9ea41be226ce8b506fccf8a58c5f67835,4919
v4.6.8,c1e2dffe70fb4bb86e8e972b9fd31c90b1394721,c1e2dffe70fb4bb86e8e972b9fd31c90b1394721,4919
v4.6.9,e6e752583bc9fb1058d96f50e56c6d870528a31f,e6e752583bc9fb1058d96f50e56c6d870528a31f,4947
v4.7.0-beta,2a628bbfd879b2d02bcfff54ea26c42348f8f015,2a628bbfd879b2d02bcfff54ea26c42348f8f015,5150
v4.7.1-beta2,687357f8b8047ba6226b6ffa3208c2413f670f8c,687357f8b8047ba6226b6ffa3208c2413f670f8c,5381
v4.7.2-beta3,3fe46e1fd118a28351d9ab291c5013ae5d563234,3fe46e1fd118a28351d9ab291c5013ae5d563234,5401
v4.7.3-beta4,94bf2d6b259749c368ddfa287022445c175a061f,ad18b582c00c1b8c919919a2a341d7aa73a302a6,5414
v4.7.4-final,4afd56ccb4d77e4e0228b8e64d80d1f541bc791e,4afd56ccb4d77e4e0228b8e64d80d1f541bc791e,5444
v4.7.5,2abfc2fe40e663d5b6426e2d469c8f79720c4d68,4bdb3214e245321a88cf7e5ad482b0fe974ce3ef,5455
v4.7.6,e13ae1875887d3b0f9c341c7bf82c6ccfdd633a6,1c3fbce20937eec617e647d0c70e82d66cc1031a,5471
v4.8.0,1fdb2cb68aca16dbe364d7b1bbe804401664eb7a,b2a4843bd4570e2fc6622758e4ea060f70813e58,5450
v4.8.1,161b31033eefdf859766d74dece622a015039f43,4899065ad215e9adc1b1229bb1a51b62bd1c3baf,2645
v4.8.10.22040+1743,528940e1a3593f1ae5bd9bfd964d2f37fb9d45e1,528940e1a3593f1ae5bd9bfd964d2f37fb9d45e1,3106
v4.8.11.22151+0454,4b84aa1bf6608d9a5f6c023d4446006a7a5dbcfd,4b84aa1bf6608d9a5f6c023d4446006a7a5dbcfd,3111
v4.8.12.22247+0031,b7704eacfe1e5ab4840c1759f5ee3830af38a328,b7704eacfe1e5ab4840c1759f5ee3830af38a328,3115
v4.8.13.23182+2215,6aa2c493231f4301125f2570dc5efd644691bbad,6aa2c493231f4301125f2570dc5efd644691bbad,3224
v4.8.14.24016+1909,a946e0d4f5452fa072c566e5ea786518b9b8cb53,a946e0d4f5452fa072c566e5ea786518b9b8cb53,3440
v4.8.15.24089+0912,7b1ebab28758ff14f90191f56987d307cdf47e14,7b1ebab28758ff14f90191f56987d307cdf47e14,3329
v4.8.16.24121+2117,22c171a496f5985f06ff6934ffee2d7139834e66,22c171a496f5985f06ff6934ffee2d7139834e66,3392
v4.8.2,9a253eead3bd0bed491b4192813f5c06b43b0282,2413c76f5680a9f13af9013f67b396eb0e487207,2835
v4.8.3,d58fdff184eaace84a16c37cf22140f8a0df2456,738cac07e244bc4800a9f27036f2e45f6a4f77df,2945
v4.8.4,1baba148286adf367b1a4756c5943eb7fe3a61d4,92cb346eece706db810468984b3fa8564f14b16c,2966
v4.8.5,289f2a034088d34cb65bf715cef73739e4aae83e,6f3e00415516b17079b956bcd31e0f6c3d75d265,2999
v4.8.6,4a84642b2941b7ea8d3086d91ff276396b10e3df,9eb5df2ea7e9622c227970b81702c0600b5d98a4,3082
v4.8.7,c38e214a524ee89e99d266483b25f55af4859fa7,7eb0a4e1f6d2509735b2da80168b1c8b0e5b2f20,3084
v4.8.8,808f6e0e64b9c4f835165d8f010045d9df10298a,b074f295861b617054c2ad1f6071bba50c885181,3058
v4.8.9.21361+0320,915f5ded14bb4fc8ba39f2d74d27efb033b3c004,915f5ded14bb4fc8ba39f2d74d27efb033b3c004,3090
v5.0.0.24296+1622,d357bce5699b3ab644cad45040b392f9d1c84d12,d357bce5699b3ab644cad45040b392f9d1c84d12,3628
v5.0.0.25034+1521,4c78a676204cf294bf04c24caf8daed3dce44ec8,4c78a676204cf294bf04c24caf8daed3dce44ec8,3620
v5.0.1.25051+1239,eefe702a8d3e57097334e9053d2d8c4fb260c1c0,eefe702a8d3e57097334e9053d2d8c4fb260c1c0,3625
v5.1.0.25094+1002,e46560448003a46ee9e6bc4b9da3fbb8bb58b406,e46560448003a46ee9e6bc4b9da3fbb8bb58b406,3599
v5.1.0.25094+1003,8d74e98b3fab6a91aadb401a17c76e77507674a0,8d74e98b3fab6a91aadb401a17c76e77507674a0,3599
v5.1.0.25094+1017,98a19f7fa433705abbbc4158c27858750428c7b7,98a19f7fa433705abbbc4158c27858750428c7b7,3599
v5.2.0.25181+1332,e42b3bb85300fd543279e2e45a8541b355bb77c8,e42b3bb85300fd543279e2e45a8541b355bb77c8,3609
v5.2.0.25181+1357,42d243875b42e0a37b1f4ba6f0c15638b6fd7a1a,42d243875b42e0a37b1f4ba6f0c15638b6fd7a1a,3609
v5.3.0.25308+0745,232767475d82ad7eec46d3d7005db6f10658a242,232767475d82ad7eec46d3d7005db6f10658a242,3545
v5.3.0.25308+1613,4f4ca29845a751113170d82dac4a5835bb31769e,4f4ca29845a751113170d82dac4a5835bb31769e,3545
v5.3.1.25308+1659,1618d1e828d1c07fa8974bc0b2f88893304cbc34,1618d1e828d1c07fa8974bc0b2f88893304cbc34,3545
v6.0.0.26032+2011,62f29ac21a8ab7b78610d14b259642bd9e76f957,62f29ac21a8ab7b78610d14b259642bd9e76f957,3853
v6.0.0.26032+2022,d0b858c569a448bd9876d0aef6ffc2fa3a581827,d0b858c569a448bd9876d0aef6ffc2fa3a581827,3853
v6.0.0.26032+2049,db3ce9d5197aa00b50f0c943a5ecc2a7961d10bd,db3ce9d5197aa00b50f0c943a5ecc2a7961d10bd,3853
v6.0.0.26032+2110,4f8185cff359cf044b4d98541e470cb8d75bb835,4f8185cff359cf044b4d98541e470cb8d75bb835,3853
v6.0.0.26032+2111,a8218187e6aa30fa0e84fecf25a82b9e47845776,a8218187e6aa30fa0e84fecf25a82b9e47845776,3853
v6.0.0.26032+2145,03bd87d017c4c1e6de6a744de09f5354d0008589,03bd87d017c4c1e6de6a744de09f5354d0008589,3853
v6.1.0.26047+2255,9c28ee9596117bcf787b908d7cb2bbc6f53513a6,9c28ee9596117bcf787b908d7cb2bbc6f53513a6,3864
v6.2.0.26090+1601,54c0f77cb6985cfb26a10ac7742dd138521b6a8b,54c0f77cb6985cfb26a10ac7742dd138521b6a8b,3907
v6.2.0.26090+1952,6f21e115a9ce8d092aceffc4a5f183833f34031b,6f21e115a9ce8d092aceffc4a5f183833f34031b,3907
v6.2.0.26090+1953,4d0fdbedbeb7d90ae189cad5ae0df4cd0df0f024,4d0fdbedbeb7d90ae189cad5ae0df4cd0df0f024,3907
v6.2.0.26090+2006,a6c64151db81a9527fd60f33cb065056331e5d41,a6c64151db81a9527fd60f33cb065056331e5d41,3910
v6.2.0.26091+2015,7824529fb7a3a0590c0000fe2670f576b75b16ec,7824529fb7a3a0590c0000fe2670f576b75b16ec,3915
v6.2.1.26091+2148,4950cf2023412fe0eb38f194e4ffc92a9f16ff38,4950cf2023412fe0eb38f194e4ffc92a9f16ff38,3912
v6.3.0.26091+2238,286f48330fdfccb8d88f3160fb1ae068c8a73c15,286f48330fdfccb8d88f3160fb1ae068c8a73c15,3913
v6.3.0.26092+2232,62f291ece56065b5576a3da7e7d2d784d30b5e9f,62f291ece56065b5576a3da7e7d2d784d30b5e9f,3915
v6.3.0.26092+2248,79db5bb8ffba2240a06202a961961cfd2d557f0d,79db5bb8ffba2240a06202a961961cfd2d557f0d,3915
v6.3.0.26095+0830,87fc928a708fd715b5ca9a05a6ac69a5642a732f,87fc928a708fd715b5ca9a05a6ac69a5642a732f,3916
v6.4.0.26100+0515,35e0dadabb8e320bfa4b045625a6c67c82260648,35e0dadabb8e320bfa4b045625a6c67c82260648,3922
v6.5.0.26173+1406,30862725a59d1c2deae94e96bc3ecd6048f07071,30862725a59d1c2deae94e96bc3ecd6048f07071,3766
v6.5.2.26175+2113,04a9b197d2e8d895852d8e693a4223b2dbe78075,04a9b197d2e8d895852d8e693a4223b2dbe78075,3773
v6.5.3.26176+2017,b74f72a1a3b5ef3ebfe86482010f40c6c57ca04b,b74f72a1a3b5ef3ebfe86482010f40c6c57ca04b,3773
v6.5.4.26228+1146,8a28848e12e5b4b7d3eaa29bf012b141c09eb190,8a28848e12e5b4b7d3eaa29bf012b141c09eb190,3815
v6.5.5.26237+2044,0849b45462ffbd1e74806a4024147c03055f126b,0849b45462ffbd1e74806a4024147c03055f126b,3815
